﻿<?xml version="1.0" encoding="utf-8"?>
<castle>
  <components>
    <component id="nhibernate.session.interceptor.intercepted" type="Castle.Facilities.NHibernateIntegration.Tests.Common.TestInterceptor, Castle.Facilities.NHibernateIntegration.Tests" service="NHibernate.IInterceptor, NHibernate" />
  </components>
  <facilities>
    <facility id="nhibernatefacility" type="Castle.Facilities.NHibernateIntegration.NHibernateFacility, Castle.Facilities.NHibernateIntegration">
      <factory id="sessionFactory1">
        <settings>
          <item key="hibernate.connection.provider">NHibernate.Connection.DriverConnectionProvider</item>
          <item key="hibernate.connection.driver_class">NHibernate.Driver.SqlClientDriver</item>
          <item key="hibernate.connection.connection_string">Server=(local);initial catalog=test;Integrated Security=SSPI</item>
          <item key="hibernate.dialect">NHibernate.Dialect.MsSql2000Dialect</item>
        </settings>
        <assemblies>
          <assembly>Castle.Facilities.NHibernateIntegration.Tests</assembly>
        </assemblies>
      </factory>
      <factory id="sessionFactory2" alias="db2">
        <settings>
          <item key="hibernate.connection.provider">NHibernate.Connection.DriverConnectionProvider</item>
          <item key="hibernate.connection.driver_class">NHibernate.Driver.SqlClientDriver</item>
          <item key="hibernate.connection.connection_string">Server=(local);initial catalog=test2;Integrated Security=SSPI</item>
          <item key="hibernate.dialect">NHibernate.Dialect.MsSql2000Dialect</item>
        </settings>
        <assemblies>
          <assembly>Castle.Facilities.NHibernateIntegration.Tests</assembly>
        </assemblies>
      </factory>
      <factory id="sessionFactory3" alias="intercepted">
        <settings>
          <item key="hibernate.connection.provider">NHibernate.Connection.DriverConnectionProvider</item>
          <item key="hibernate.connection.driver_class">NHibernate.Driver.SqlClientDriver</item>
          <item key="hibernate.connection.connection_string">Data Source=.;Initial Catalog=test2;Integrated Security=SSPI</item>
          <item key="hibernate.dialect">NHibernate.Dialect.MsSql2000Dialect</item>
        </settings>
        <assemblies>
          <assembly>Castle.Facilities.NHibernateIntegration.Tests</assembly>
        </assemblies>
      </factory>
    </facility>
  </facilities>
</castle>